InvoiceNo,StockCode,Description,Quantity,InvoiceDate,UnitPrice,CustomerID,Country
536365,85123A,WHITE HANGING HEART T-LIGHT HOLDER,6,2010-12-01 08:26:00,2.55,17850,United Kingdom
536365,71053,WHITE METAL LANTERN,6,2010-12-01 08:26:00,3.39,17850,United Kingdom
536366,84406B,CREAM CUPID HEARTS COAT HANGER,8,2010-12-01 08:28:00,2.75,17850,United Kingdom
536367,84029G,KNITTED UNION FLAG HOT WATER BOTTLE,6,2010-12-01 08:34:00,3.39,13047,United Kingdom
536367,84029E,RED WOOLLY HOTTIE WHITE HEART,6,2010-12-01 08:34:00,3.39,13047,United Kingdom
536368,22752,SET 7 BABUSHKA NESTING BOXES,2,2010-12-01 08:34:00,7.65,13047,United Kingdom
536369,21730,GLASS STAR FROSTED T-LIGHT HOLDER,6,2010-12-01 08:35:00,4.25,13047,United Kingdom
536370,22633,HAND WARMER UNION JACK,6,2010-12-01 08:45:00,1.85,12583,France
536370,22632,HAND WARMER RED POLKA DOT,6,2010-12-01 08:45:00,1.85,12583,France
536371,22086,PAPER CHAIN KIT 50'S CHRISTMAS,80,2010-12-01 09:00:00,2.55,13748,United Kingdom
536372,22632,HAND WARMER RED POLKA DOT,6,2010-12-01 09:01:00,1.85,17850,United Kingdom
536373,85123A,WHITE HANGING HEART T-LIGHT HOLDER,6,2010-12-01 09:02:00,2.55,17850,United Kingdom
536374,21258,VICTORIAN SEWING BOX LARGE,32,2010-12-01 09:09:00,10.95,15100,United Kingdom
536375,85123A,WHITE HANGING HEART T-LIGHT HOLDER,6,2010-12-01 09:32:00,2.55,17850,United Kingdom
536376,22114,HOT WATER BOTTLE TEA AND SYMPATHY,48,2010-12-01 09:32:00,3.45,15291,United Kingdom
536377,22632,HAND WARMER RED POLKA DOT,6,2010-12-01 09:34:00,1.85,17850,United Kingdom
536378,22386,JUMBO BAG PINK POLKADOT,10,2010-12-01 09:37:00,1.95,14688,United Kingdom
536378,85099C,JUMBO BAG BAROQUE BLACK WHITE,10,2010-12-01 09:37:00,1.95,14688,United Kingdom
536379,22632,HAND WARMER RED POLKA DOT,6,2010-12-01 09:41:00,1.85,17850,United Kingdom
536380,22961,JAM MAKING SET PRINTED,24,2010-12-01 09:41:00,1.45,17809,Germany